title,game_url,active,visits,creator,universe_id,checked_at_utc
[DUNGEONS] +1 Fireball Per Click🔥,https://www.roblox.com/games/70615222709505/,772,253135,-- Zombie Studios --,10594427721,2026-09-20 22:29
Cut it Out!,https://www.roblox.com/games/97248134864084/,762,242447,party fun games.,10765764482,2026-09-20 22:29
Escape Logs for Animals!,https://www.roblox.com/games/128014543028490/,759,427370,Egg Egg!,10764686084,2026-09-20 22:29
Voxels,https://www.roblox.com/games/131008689120486/,755,327959,Cubic World,10181950864,2026-09-20 22:29
Escape Verity Tower [Pets UPD],https://www.roblox.com/games/112304051613702/,703,241095,NotGigaDev,10622929847,2026-09-20 22:29
Build a Nuke Farm ☢️,https://www.roblox.com/games/114066978876453/,700,306037,Brain Trip Studio,10522766429,2026-09-20 22:29
Automate a Laundromat,https://www.roblox.com/games/131432651632697/,679,236455,Laundromat Studios,10749726746,2026-09-20 22:29
Climb for Eggs!,https://www.roblox.com/games/84376037812256/,678,479486,5ccu games,10764888929,2026-09-20 22:29
Motorcycle for Animals,https://www.roblox.com/games/84403204002907/,666,275429,Best Animal Productions!,10765032875,2026-09-20 22:29
Spin a Car And Race! 🏎️,https://www.roblox.com/games/111646117342507/,664,222118,Team Skylimit,10714697542,2026-09-20 22:29
Open Sea For Animals!,https://www.roblox.com/games/88047783411976/,636,143588,xFrozen x Dudes,10765091041,2026-09-20 22:29
Steal Anime Eggs,https://www.roblox.com/games/96727061242653/,623,424346,And Collect Insane Animes,10759478428,2026-09-20 22:29
Climb Spiderman Tower,https://www.roblox.com/games/115910629437639/,603,411301,Locked In Towers,10737378435,2026-09-20 22:29
Lucky Blocks: Emeralds,https://www.roblox.com/games/107906968179284/,597,286837,Smart Money X,10764776086,2026-09-20 22:29
Very Mysterious ,https://www.roblox.com/games/101721995709835/,585,312616,Winng3447,10766498029,2026-09-20 22:29
[⚔️ARENA] Re:Zero Incremental,https://www.roblox.com/games/127685019935711/,584,155342,Leviath,10625729731,2026-09-20 22:29
[RELEASE] Shigaku,https://www.roblox.com/games/109329896664198/,572,135956,(私学 ) Shigaku,10504918958,2026-09-20 22:29
[UPDATE!] Komorebi Prison,https://www.roblox.com/games/71689406215487/,564,316902,Komorebi RP,10420832668,2026-09-20 22:29
🤣 FUNNY,https://www.roblox.com/games/103996671305366/,564,145192,MMH Games,10594248153,2026-09-20 22:29
[UPDATE4] Light Incremental,https://www.roblox.com/games/125918020848095/,537,107990,martineetje,10638229453,2026-09-20 22:29
👻 GHOST,https://www.roblox.com/games/131332844566932/,535,199858,MMH Productions,10632455589,2026-09-20 22:29
[FREE] ChinaSide Tycoon,https://www.roblox.com/games/88793580588296/,534,323143,Goyboy Games,10764967952,2026-09-20 22:29
Build a Monster,https://www.roblox.com/games/76918534417394/,532,245241,Oddbit Games,8746130045,2026-09-20 22:29
Grow or Die🌱,https://www.roblox.com/games/99221606291080/,530,139019,thesamazing_man,10764302574,2026-09-20 22:29
[💰] +1 Dollar Per Step!,https://www.roblox.com/games/99936777258801/,528,259626,Totally BaIanced Games,10034443892,2026-09-20 22:29
+1 Clean Leaves Adventure ,https://www.roblox.com/games/131338475518866/,521,479096,Leaf Cleaning Crew,10764314029,2026-09-20 22:29
🍀 LUCKY,https://www.roblox.com/games/92238874599007/,519,158666,MMH Games,10589156970,2026-09-20 22:29
+1 Fat for Loot🍔,https://www.roblox.com/games/104037817505797/,516,146756,Fat League,10501377339,2026-09-20 22:29
Feed The Demon! [Incremental],https://www.roblox.com/games/134082194687128/,510,127992,Raiser Top,10698594028,2026-09-20 22:29
ALPHA: Vampire life,https://www.roblox.com/games/122287678911982/,493,126343,dutdk,10764019529,2026-09-20 22:29
☠️ TOXIC,https://www.roblox.com/games/85590147952233/,492,260416,MMH Games,10544363995,2026-09-20 22:29
[🏨 FLOOR 4] Build a Hotel,https://www.roblox.com/games/123997124815203/,489,194320,not a motel,10552149446,2026-09-20 22:29
🐾CAT NOIR PRISON RUN! (Obby),https://www.roblox.com/games/114098976096649/,487,432253,SIX SEVEN GAME STUDIO,10759300136,2026-09-20 22:29
Clean The Boxes!,https://www.roblox.com/games/70817056344069/,479,395923,boxy studios.,10399399120,2026-09-20 22:29
Ragdoll Fight Test,https://www.roblox.com/games/118076264732721/,471,285124,BOOOM_LIGHT,10228253162,2026-09-20 22:29
Superhero VS Planets,https://www.roblox.com/games/139007560205086/,463,98715,Games Down - Revenge,10765203776,2026-09-20 22:29
+1 Mini Army Evolution,https://www.roblox.com/games/93844566395151/,453,337744,Elite Commander Studios,10764167841,2026-09-20 22:29
[UPD 3 🧬] Catch Pets!,https://www.roblox.com/games/97488283857717/,452,351326,LoopBlox Games,10547832877,2026-09-20 22:29
[UPD 🗼] My Floating Isles,https://www.roblox.com/games/108480725212443/,449,344402,another fish studio,9404521781,2026-09-20 22:29
Run a Store 🛍️,https://www.roblox.com/games/101492228611271/,432,394857,Aisle Eleven,10546004662,2026-09-20 22:29
🐧ESCAPE GUGUGAGA PENGUIN SCHOOL (Obby),https://www.roblox.com/games/121016879604626/,428,404409,#AXIOM,10764508944,2026-09-20 22:29
Bee Game Reworked,https://www.roblox.com/games/113444583090218/,417,62311,BSS - Reworked Community.,10767024642,2026-09-20 22:29
+1 Jump Prison Escape,https://www.roblox.com/games/124940573400568/,409,279049,Be Diao VII,10645097363,2026-09-20 22:29
[🕹️] Claw for Brainrots!,https://www.roblox.com/games/112695927640139/,408,249346,Just 1 more minute,10662545106,2026-09-20 22:29
Bug Test 2 🐍,https://www.roblox.com/games/131011124904703/,403,165148,Blessd Workspace,10764691611,2026-09-20 22:29
Surf And Rescue 🌊🛟,https://www.roblox.com/games/120252007682677/,385,82915,Ruster Games,10761375767,2026-09-20 22:29
[⚽] Blue Lock Farm,https://www.roblox.com/games/132767904294856/,378,116033,Finding Illusions,10700618962,2026-09-20 22:29
2 Player Spot The Differences! 🔎,https://www.roblox.com/games/81834887643726/,378,331220,Fun Fall Studios,10637482832,2026-09-20 22:29
[IDLE] Soul Hero 🦋,https://www.roblox.com/games/99388466709359/,378,285185,Quez Clan,10124456377,2026-09-20 22:29
[UPDATE 3.0⭐] Build a Leaf Empire ☄️,https://www.roblox.com/games/108676126476897/,370,283749,Waypoint Entertainment,10521965385,2026-09-20 22:29
SKI (ALPHA),https://www.roblox.com/games/92722005168254/,367,83467,SKΙ,10764640833,2026-09-20 22:29
🧟 ZOMBIE BASE SURVIVAL 🛡️,https://www.roblox.com/games/122691391861348/,366,457092,KingTim Games,10352959937,2026-09-20 22:29
[🔌POWER OUTAGE] Work at a Police Station ,https://www.roblox.com/games/129480152008073/,364,262175,Arion Development,10233011462,2026-09-20 22:29
Egg Upgrade Tree,https://www.roblox.com/games/83506318058022/,364,169541,Billion Eggs,10735530810,2026-09-20 22:29
[4X] +1 Rap per Click,https://www.roblox.com/games/127375292594214/,362,194325,Click and Sing,10632666784,2026-09-20 22:29
2 Player Ice Cream Tycoon 🍦,https://www.roblox.com/games/122498324859761/,360,234693,MSL Games,10763714513,2026-09-20 22:29
Giant Universe Survival (Gate Guardian),https://www.roblox.com/games/85657622941900/,352,209227,Giant Universe Studio,10766696003,2026-09-20 22:29
+1 Flip Roller Escape 🛼,https://www.roblox.com/games/104497158012325/,350,264815,Birb Boiiiiis,10582816280,2026-09-20 22:29
😈 GODMODE,https://www.roblox.com/games/107459755115922/,349,455991,MMH Games,10498532720,2026-09-20 22:29
Veggie Fighters [BETA],https://www.roblox.com/games/99766110753069/,347,269402,Vege Fighters,9596162769,2026-09-20 22:29
Superb Upgrade Tree [UPDATE],https://www.roblox.com/games/103554857427414/,344,93414,Xponents Studios,9658608798,2026-09-20 22:29
ESCAPE PEPE'S GYM OBBY! (OBBY),https://www.roblox.com/games/99475404148278/,342,277790,Migu3lonm,10750297357,2026-09-20 22:29
⛏️ +1 Drill Blocks for animals,https://www.roblox.com/games/136327778829765/,335,419345,+1 Drill,10734982355,2026-09-20 22:29
Street Food Tycoon🌭,https://www.roblox.com/games/123631300512056/,332,91250,VoidXX,10411426475,2026-09-20 22:29
Car Race,https://www.roblox.com/games/126255615926703/,322,422645,NiceGames777,7284984754,2026-09-20 22:29
Rogue Roller,https://www.roblox.com/games/87428815126728/,320,163339,JessDutc,7498609048,2026-09-20 22:29
Spinner Battles,https://www.roblox.com/games/81792193835326/,319,192612,Spinner Battles Community,10764947385,2026-09-20 22:29
Jump For Eggs! 🥚,https://www.roblox.com/games/102706469132943/,314,402479,Ares's Studio,10763565695,2026-09-20 22:29
[👽ALIENS] Be a Snake!,https://www.roblox.com/games/75835725495100/,312,124347,White Noise Games,10765251051,2026-09-20 22:29
💗 MELODY'S PRISON RUN! (Obby),https://www.roblox.com/games/106748792105159/,311,107257,rich mentality,10764268697,2026-09-20 22:29
[✨] Search for the Ring!,https://www.roblox.com/games/87016173484759/,308,163698,2FAT Games,10764364835,2026-09-20 22:29
steal and collect random objects,https://www.roblox.com/games/131309726917016/,306,266972,FUN HOORAY,10326012859,2026-09-20 22:29
🔪 KILLER,https://www.roblox.com/games/100485190931434/,306,283838,MMH Games,10747776778,2026-09-20 22:29
Animal Hospital Outfits [NEW🔥],https://www.roblox.com/games/94278533141769/,305,324373,SweetPancake Studios,10744135685,2026-09-20 22:29
[UPD 1] Run from Monsters,https://www.roblox.com/games/122815847545297/,294,146610,Dredge Works,10765197905,2026-09-20 22:29
MAD CHEFS! 🧑‍🍳,https://www.roblox.com/games/118277822205576/,292,67211,Game Animations,10764796926,2026-09-20 22:29
+1 Gun Per Click,https://www.roblox.com/games/125858736268280/,291,365632,Radiance Simulators,10656387124,2026-09-20 22:29
Sniper VS 99 Players,https://www.roblox.com/games/87757473222892/,290,202125,Clicker House,10765563835,2026-09-20 22:29
Build a Metro Network 🚄,https://www.roblox.com/games/140401701541602/,288,450452,Some Idle Games,10764508634,2026-09-20 22:29
Clean the Magic Shop✨,https://www.roblox.com/games/105960216599302/,287,261727,SnoutUp Games,10497418863,2026-09-20 22:29
Anime Guess Who!,https://www.roblox.com/games/119725120452301/,285,260521,Scookai_67,10272042613,2026-09-20 22:29
💪 +1 Strength to Climb Tower,https://www.roblox.com/games/125724268247425/,285,320134,burg games..,10764847518,2026-09-20 22:29
[FIX] Football WORLD Manager '27,https://www.roblox.com/games/109658217029877/,284,131536,Cino Studios,10764300350,2026-09-20 22:29
+1 Speed Break a Bottle! 💥,https://www.roblox.com/games/137524991497251/,284,454488,LondeeDev,10412392044,2026-09-20 22:29
[X2] +1 Armor Per Click,https://www.roblox.com/games/122836499704920/,281,93419,Shield simulator,8556856448,2026-09-20 22:29
[UPD 1.2] Freddy Incremental🍕,https://www.roblox.com/games/112274915308120/,280,495781,Rowe Interactive,10263767875,2026-09-20 22:29
⚠️ Landing Experiments: Plane Crash Sandbox,https://www.roblox.com/games/97886399571757/,279,424923,Black Eagle Industries,9549894418,2026-09-20 22:29
WebSpace,https://www.roblox.com/games/140371557249121/,275,350357,_trial,10721343225,2026-09-20 22:29
+1 Dig Sand Adventure,https://www.roblox.com/games/95566393546642/,273,210220,+1 For all!,10765308082,2026-09-20 22:29
[Endless] Nook Loot 👀,https://www.roblox.com/games/113188126495569/,273,305939,fun8848,10713514165,2026-09-20 22:29
🐰 BUNNY,https://www.roblox.com/games/104027891522729/,272,74347,MMH Productions,10632398832,2026-09-20 22:29
Train a Fish Fighter 🐟 PVP!,https://www.roblox.com/games/135318247691553/,269,198375,another fish studio,10680132879,2026-09-20 22:29
[🎲] Game Of Life [🐛BUG FIXES],https://www.roblox.com/games/129015045985660/,268,335170,crunchycow09,9945152525,2026-09-20 22:29
[W3] +1 Aim Per Click,https://www.roblox.com/games/70990741130622/,268,173772,Dxr Studio,10637618088,2026-09-20 22:29
[🎲UPD2] Heat Incremental,https://www.roblox.com/games/114615357758356/,266,145298,budsix,10611067088,2026-09-20 22:29
[FIXING] Play Action ,https://www.roblox.com/games/97982044967416/,258,63865,Play Action Community,10459519123,2026-09-20 22:29
[RNG] My Chiikawa Farm 🎲,https://www.roblox.com/games/128789490132641/,255,246971,JamByte Games,9992188015,2026-09-20 22:29
Cards Matching 🃏,https://www.roblox.com/games/123144130909283/,246,432793,Paws Headquarters,10764296404,2026-09-20 22:29
Void Upgrade Tree 0.1,https://www.roblox.com/games/115947874038028/,246,45786,Buh Deez,10155871550,2026-09-20 22:29
Brick Collectors [82],https://www.roblox.com/games/131159351966135/,245,332975,blackspier1231,10533257965,2026-09-20 22:29
+1 Animal Strength 🐻,https://www.roblox.com/games/123687359446192/,243,388963,Mauv +1,10498591475,2026-09-20 22:29
[🏠] My House!,https://www.roblox.com/games/78404159868486/,240,495172,Onion Chopping,10355252664,2026-09-20 22:29
Team Hello Kitty House Escape! (OBBY),https://www.roblox.com/games/108538996465328/,238,202785,Falls Creations,10642960977,2026-09-20 22:29
Sell Burgers,https://www.roblox.com/games/86247005360203/,237,299677,Own a Burger Joint,10589369349,2026-09-20 22:29
[HUGE UPDATE + NEW ZONE] BSS 1:1 REBIRTHS,https://www.roblox.com/games/106845315664245/,235,57459,yawning ヅ,10766748763,2026-09-20 22:29
Dead-Line,https://www.roblox.com/games/111228559342766/,235,364443,Blocky Riders,10761394735,2026-09-20 22:29
[NEW] ⚽ Kick Ball to Infinity!,https://www.roblox.com/games/79858618234925/,231,72036,ShagMax Games,10762297162,2026-09-20 22:29
Tank Wars!,https://www.roblox.com/games/84982656700856/,230,118636,Combat Studs,10375908307,2026-09-20 22:29
they chroma game,https://www.roblox.com/games/123542747120959/,230,371691,Murder Mystery L Studios,10335128100,2026-09-20 22:29
 [🌸UPD 1] Fish an EGG from Rivers,https://www.roblox.com/games/101672855717389/,229,343431,SpX BrainStudios,10033692849,2026-09-20 22:29
+1 Blade Swing Escape,https://www.roblox.com/games/128817582990036/,229,418938,+1 Blade Escape,10550640221,2026-09-20 22:29
Run to Steal Animals!,https://www.roblox.com/games/119423923767111/,229,178124,Florover,10765051304,2026-09-20 22:29
🥚 EGG LUCKY BLOCKS + ADMIN,https://www.roblox.com/games/102356614470146/,228,241631,I WILL ALWAYS WIN,10765198702,2026-09-20 22:29
BitShippuden [☄️OTSUTSUKI],https://www.roblox.com/games/132913900800897/,226,204016,The FoxStudios,10737040711,2026-09-20 22:29
[UPD] +1 Wallrun Obby Escape,https://www.roblox.com/games/111731074208795/,225,259558,1001%,10739103116,2026-09-20 22:29
[DRONES] Missile Commander,https://www.roblox.com/games/81609046872806/,224,289786,naser_q8e,10748070276,2026-09-20 22:29
Sell Basketballs and Prove Mom Wrong,https://www.roblox.com/games/71494288433026/,222,274439,Gundami,7738865136,2026-09-20 22:29
Avatar Creator,https://www.roblox.com/games/136656968143195/,219,161843,Toebuu's,10765281597,2026-09-20 22:29
[Update 10 🔥] Chaos Fruits,https://www.roblox.com/games/132044122002338/,216,322678,District_,10639043831,2026-09-20 22:29
[ 🎭Update 9✨] Rise Piece,https://www.roblox.com/games/116601019173178/,214,363647,Rise House,10272149696,2026-09-20 22:29
Kids' School ,https://www.roblox.com/games/79690946841769/,213,492227,Escola dos Crias,10470942315,2026-09-20 22:29
[🧲] +1 Magnet Per Step,https://www.roblox.com/games/87759688212417/,213,249331,Very Artistic Games,10761002471,2026-09-20 22:29
My Gas Station Empire,https://www.roblox.com/games/133271712539359/,205,127604,Infinity Seekers Studio,10626060233,2026-09-20 22:29
[🏈COLLEGE!] Football Incremental,https://www.roblox.com/games/93781844575995/,203,466197,Sports Association of ROBLOX,10039065382,2026-09-20 22:29
[NEW] Beast RNG,https://www.roblox.com/games/126341335600945/,202,129417,Monster Flame Studios,10735918701,2026-09-20 22:29
DRILL!,https://www.roblox.com/games/87666386499308/,201,207662,Bit Wizards,10432306578,2026-09-20 22:29
+1 Jump Keyboard Escape | Candy & Choc,https://www.roblox.com/games/100011138344202/,200,195026,Clicky Experiences,10750518495,2026-09-20 22:29
Weather Sandbox,https://www.roblox.com/games/70412932199344/,200,45254,Beyond Average,10747920845,2026-09-20 22:29
[BUG FIXES] BitLock,https://www.roblox.com/games/136210654647820/,199,128773,8dxtcp,10344912608,2026-09-20 22:29
[PETS] Defend the Spinner!,https://www.roblox.com/games/105715285711310/,198,44353,Fun Random Games!,10750972393,2026-09-20 22:29
🟣 [UPDATE] BET+ ,https://www.roblox.com/games/72856794871327/,198,495425,BET+,10522185340,2026-09-20 22:29
Shuffle an Egg,https://www.roblox.com/games/79226825467411/,197,100378,xFrozen x Cube,10765279487,2026-09-20 22:29
[🔥NEW] Dice Rolling Incremental 2!,https://www.roblox.com/games/71650397935872/,194,89935,Logical StudiosTM,10677805895,2026-09-20 22:29
[🏈] Road to Glory,https://www.roblox.com/games/120458890713784/,194,207368,Road to Glory: College Football,10124403207,2026-09-20 22:29
My Gym Empire! 💪 [NEW!],https://www.roblox.com/games/123631250859596/,193,66530,Coalstone Games,10764888650,2026-09-20 22:29
Five TD's (Early Access),https://www.roblox.com/games/119232593159524/,192,398732,bonnietrap127,8787792657,2026-09-20 22:29
🔮 PSYCHIC,https://www.roblox.com/games/107690999914187/,188,49208,MMH Productions,10632469095,2026-09-20 22:29
+1 Break Wall For Loot,https://www.roblox.com/games/71637325608812/,186,77472,LONE SIGIL,10764114584,2026-09-20 22:29
Tank Thunder: Air Support [BETA],https://www.roblox.com/games/98939963282927/,185,204237,Tank Thunder Group,10049843627,2026-09-20 22:29
7 Days Cat-Sitting,https://www.roblox.com/games/116802325837172/,183,43749,HELP ME PLEASE studios,10766506199,2026-09-20 22:29
Climb Hungry Worm Tower,https://www.roblox.com/games/86900967076097/,182,397635,脱出モンスタ ゲ ム,10758600104,2026-09-20 22:29
Paint a House,https://www.roblox.com/games/118564698121472/,178,147777,The _Cookies,10764404426,2026-09-20 22:29
Base vs Zombie,https://www.roblox.com/games/99973164493667/,178,210762,Sorbet Games,8811052020,2026-09-20 22:29
Cat Burglars,https://www.roblox.com/games/76940102559543/,175,83880,Just Steal It!,10766398868,2026-09-20 22:29
Hoop Nation🏀 [UPDATE],https://www.roblox.com/games/137172074753725/,173,349608,Hoop Nation 1,10034841611,2026-09-20 22:29
SUNSCAR: Factory Tycoon [PATCH 2.2.2],https://www.roblox.com/games/123202927583023/,173,133787,LonelyGameDev,10669288991,2026-09-20 22:29
Anime Go! 🍀,https://www.roblox.com/games/73524937852279/,171,131480,Animego Inc.,10629734801,2026-09-20 22:29
Clean the Chaos Mansions,https://www.roblox.com/games/118879656071139/,169,77644,Brain Melt Lab,10765633110,2026-09-20 22:29
🔥 EGG TYCOON: INFINITE ADMIN MODDEDS!,https://www.roblox.com/games/116761496969508/,169,199859,I WILL ALWAYS WIN,10765198762,2026-09-20 22:29
A Realm of Kings,https://www.roblox.com/games/137955788623780/,168,264136,A Realm of Kings,9139383239,2026-09-20 22:29
Twixxel's Stalkers RolePlay by fas!,https://www.roblox.com/games/98717599287953/,168,457296,Breath of the Bunker DEV,10735713482,2026-09-20 22:29
Harrison County,https://www.roblox.com/games/10659924817/,166,294571,Hаrrison County,3864041377,2026-09-20 22:29
Edenville,https://www.roblox.com/games/115903978623312/,165,367170,Nocturne Entertainment,9320646231,2026-09-20 22:29
Get More Power🔥,https://www.roblox.com/games/77713551993388/,165,396396,Improving Games,9983961640,2026-09-20 22:29
Guess Clubs For Soccer Player,https://www.roblox.com/games/77088157898468/,164,476243,Chiftibuis Incorporations,10764477339,2026-09-20 22:29
[v0.2.1+]  Upgrade Tree of The Universe,https://www.roblox.com/games/122097238242628/,164,228619,SolarsStudio,7198360975,2026-09-20 22:29
[W2] +1 Speed Gravity Escape,https://www.roblox.com/games/128902706868301/,163,167829,+3 CCU,10394685572,2026-09-20 22:29
+1 Robot Evolution,https://www.roblox.com/games/91515792522336/,161,249568,BLOCKY ROBOT,10624995866,2026-09-20 22:29
Merge An Empire 👑,https://www.roblox.com/games/94002887790636/,160,145188,V&V Fun,10722075131,2026-09-20 22:29
🌱 Garden Architect 2,https://www.roblox.com/games/70983712774203/,160,329461,Finite Works,10664878933,2026-09-20 22:29
Steal A Verity ,https://www.roblox.com/games/128283571768565/,160,202897,HTRP Games,10763767230,2026-09-20 22:29
[🎨] Hide In Paintings,https://www.roblox.com/games/71274660353135/,160,51354,Vyxen,10558880394,2026-09-20 22:29
DAS H00D [CAT!],https://www.roblox.com/games/120640903699298/,159,115689,3ivmn,10765931744,2026-09-20 22:29
[UPDATE!] Greedy Eggs🥚,https://www.roblox.com/games/79042979041505/,159,166726,Random Ahhh Games,10753796828,2026-09-20 22:29
[NEW] Be Sea Dino - Marine Dinosaur Simulator ,https://www.roblox.com/games/111682108389602/,158,413220,Be Sea Dino,10637312353,2026-09-20 22:29
Steal a Capybara Egg,https://www.roblox.com/games/104941003896018/,157,56636,CookieASMR,10765879443,2026-09-20 22:29
Tapborne Heroes,https://www.roblox.com/games/80519520593681/,156,63045,Kokoyume,10511383856,2026-09-20 22:29
[Stress Test 4] Practical Basketball 2.0,https://www.roblox.com/games/113934163174779/,155,344945,Public Gym 2.0,10164948473,2026-09-20 22:29
Build A Gun Army Against Verity,https://www.roblox.com/games/115641138183527/,154,200936,1000000 CCU PLS,10764512043,2026-09-20 22:29
Defend the Farm! [CELESTIAL + QOL],https://www.roblox.com/games/107600408507623/,154,157684,LFG.Studio,10321330868,2026-09-20 22:29
(🔫FREE 850K💵) Chicago Streets,https://www.roblox.com/games/130807786377380/,153,153861,Risk Prods,10573819368,2026-09-20 22:29
Survive Waves for Eggs,https://www.roblox.com/games/116171994447332/,150,75435,Meno Soldi,10764649445,2026-09-20 22:29
Verity Roleplay 3D [UPD!] ⚪,https://www.roblox.com/games/72010996949935/,149,452046,Yellow Ball World,10689744256,2026-09-20 22:29
[⚽️] Logo for Soccer Card,https://www.roblox.com/games/78544890108997/,148,130123,Kings Of Tashkent,10623430847,2026-09-20 22:29
Dont Steal SCP Monsters,https://www.roblox.com/games/134282913073145/,148,289974,Scp Boxes!,10748645481,2026-09-20 22:29
[UPD 4🚗] Punch Lucky Blocks For Cars!,https://www.roblox.com/games/131911637331495/,148,275940,Rot Brothers,10754231978,2026-09-20 22:29
[UPD 4🐱] Floppa Incremental,https://www.roblox.com/games/119585769811611/,147,200601,Grand Blue Studios,10334028537,2026-09-20 22:29
METRO LA RP V2 💥 | (NEW HOODS),https://www.roblox.com/games/93987003332201/,147,104743,sabwarrior_8,10764364645,2026-09-20 22:29
[🌘] Fall for Animals 🪂,https://www.roblox.com/games/93139739987803/,146,223516,{ CLASSIFIED },10763812743,2026-09-20 22:29
SKYFIRE [BETA],https://www.roblox.com/games/137029702070476/,146,177290,Tishina Games,10765787700,2026-09-20 22:29
[💸] Simple DONATIONS,https://www.roblox.com/games/127213917680436/,145,469083,Dusk's Studios.,10762175328,2026-09-20 22:29
Princess Tycoon 👸,https://www.roblox.com/games/117014085659242/,145,364507,Tycoonbox Games,10680220259,2026-09-20 22:29
Find the Slimes [116],https://www.roblox.com/games/74778834705732/,144,70817,Findiverse Studios,10764249175,2026-09-20 22:29
Brainrot Lifting Ascension ,https://www.roblox.com/games/138213911773450/,144,366168,Lifting Ascension Studios,10612183807,2026-09-20 22:29
Skate for Animals!,https://www.roblox.com/games/93689328551068/,143,260595,no more +1,10765629147,2026-09-20 22:29
(UPD) Sharks and Minnows 🦈,https://www.roblox.com/games/131351806241006/,143,134571,Main Melon Studios,10683598666,2026-09-20 22:29
🌾Clean All the Hay & Find the Pin! ,https://www.roblox.com/games/109458077032333/,143,315316,Hay Games!,10756613885,2026-09-20 22:29
Clean the Beach [UPDATE❄️],https://www.roblox.com/games/98491176124242/,142,222999,Speedy Clothes,10738251346,2026-09-20 22:29
a killing game,https://www.roblox.com/games/94880471121083/,142,397744,Drake's Biggest Fan Games,10644599993,2026-09-20 22:29
🔥 OUTLAW,https://www.roblox.com/games/98379798344317/,142,64990,MMH Games,10594223710,2026-09-20 22:29
Deathmatch 💀 [FPS],https://www.roblox.com/games/136783387832824/,138,467249,BLOXXED! Community,10680167094,2026-09-20 22:29
STRAY KIDS Card Collection,https://www.roblox.com/games/97627047564301/,137,117807,For STAY,10487700109,2026-09-20 22:29
Murder Mystery: Knife vs Gun,https://www.roblox.com/games/88125382979442/,134,249740,Super Epic Towers,10555024633,2026-09-20 22:29
Roll Cases for Brainrots,https://www.roblox.com/games/136595019906133/,134,335131,RNG Cases Community!,10765894370,2026-09-20 22:29
Build The Pyramids [💾],https://www.roblox.com/games/137412037008013/,134,121657,PineappleDevx,10470599649,2026-09-20 22:29
[UPD] Balloon Up🎈(Don't Let It Fall),https://www.roblox.com/games/89285562174488/,132,262160,Tap The Balloon,10589904353,2026-09-20 22:29
Fleet Empire [ALPHA],https://www.roblox.com/games/128776499486135/,132,40630,Concrete Rose Studios,10765579304,2026-09-20 22:29
📦 Unbox All the Boxes!,https://www.roblox.com/games/78237229306025/,130,94462,Broke Boys Games,10753206079,2026-09-20 22:29
OVER-DRILLED [BETA v0.4.17],https://www.roblox.com/games/98959853442226/,130,78131,JaBryDa Studios,10341397449,2026-09-20 22:29
[OL!] Football Fantasy 🏈 [TESTING],https://www.roblox.com/games/119440874529031/,129,486118,guv's games,10196192661,2026-09-20 22:29
Sit 🪑 ,https://www.roblox.com/games/89189421178613/,129,147438,your experience has reduced exposure,10765901462,2026-09-20 22:29
🎲 Build an XP Farm!,https://www.roblox.com/games/90951305434577/,128,92428,Pinuriyo,10683197286,2026-09-20 22:29
🌈 OPEN SAEM LUCKYBLOCK + MODZ,https://www.roblox.com/games/109811196191582/,128,297926,I WILL ALWAYS WIN,10765201912,2026-09-20 22:29
[🚧] Fix The Road,https://www.roblox.com/games/94721636699958/,128,322469,Sands Studio,10695120182,2026-09-20 22:29
「UPD」🔫Base Defense: Monster Siege,https://www.roblox.com/games/140283780128168/,126,436673,Frontline Fortress,10313969357,2026-09-20 22:29
Motorcycles VS Mud,https://www.roblox.com/games/139884672473377/,126,66362,TwistPlay.,10764508637,2026-09-20 22:29
Moto Empire [BETA],https://www.roblox.com/games/81225487834060/,125,243006,Codevo Games,10765457401,2026-09-20 22:29
Tap for Spidey!,https://www.roblox.com/games/105059933976328/,125,355766,Kings Of Tashkent,10625544952,2026-09-20 22:29
[x10] +1 Speed Lucky Block Escape,https://www.roblox.com/games/103729190248445/,124,394636,Made In 2 days,10640735738,2026-09-20 22:29
[🌙] Water a Desert 🌵,https://www.roblox.com/games/82155860068637/,124,94981,Stack Interactive.,10476427404,2026-09-20 22:29
Run a Hospital 🏥,https://www.roblox.com/games/105962804239479/,123,80451,Doctor's Orders,10664602858,2026-09-20 22:29
+1 Penguin Evolution,https://www.roblox.com/games/94214887237328/,123,215906,UnemployedDuo,10764557038,2026-09-20 22:29
+1 Turret Evolution,https://www.roblox.com/games/102009920267605/,122,305218,Perfect Aim,10470716981,2026-09-20 22:29
[🌌UPD] Anime Card RNG  🎲 ,https://www.roblox.com/games/112600975620784/,122,433501,Card Printers,10624887928,2026-09-20 22:29
[🥣] Make a Giant Cereal,https://www.roblox.com/games/93271343991796/,121,65521,Garden Quest,10764269181,2026-09-20 22:29
[🥚UPDATE] Slime Park,https://www.roblox.com/games/108452008173707/,121,137739,Bankrupt Studios Inc.,10126542897,2026-09-20 22:29
Rockstar Swimming Pool,https://www.roblox.com/games/80007071186659/,120,144829,Please pray for me,10236106806,2026-09-20 22:29
Drill for Eggs,https://www.roblox.com/games/120656419209274/,120,45403,Future Cooks,10766721625,2026-09-20 22:29
Raids & Riches [Alpha],https://www.roblox.com/games/101789045531886/,120,366098,Raids & Riches,10108900736,2026-09-20 22:29
[UPDT🏢] 🛒 Supermarket Tycoon [BETA],https://www.roblox.com/games/108698985134200/,119,301437,MainFrame-Games,10572707989,2026-09-20 22:29
+1 Cut and Ride Pet,https://www.roblox.com/games/78793646042773/,119,458229,IRONWOODS,10424071923,2026-09-20 22:29
Drill for Animals,https://www.roblox.com/games/121012180847056/,118,217000,GoldenClover Studios,10765028730,2026-09-20 22:29
Endless Videos,https://www.roblox.com/games/136858978157841/,117,266450,StarSet Movies,10550224846,2026-09-20 22:29
Baile da Lapa,https://www.roblox.com/games/134560321997210/,116,243006,LapaWorks,10552732810,2026-09-20 22:29
My Farmers Garden,https://www.roblox.com/games/83581240126371/,116,480695,C.U.T.E Gaming Co.,10748294905,2026-09-20 22:29
Steal A Seed For Bees,https://www.roblox.com/games/87026033799342/,115,56302,Crazay Defenders,10764735984,2026-09-20 22:29
[🌟QUESTS! ] Wolf Story RP 🐺,https://www.roblox.com/games/115660240004711/,115,474109,Star Glow Studios,8040923532,2026-09-20 22:29
🧪 Potion Hotel [NEW],https://www.roblox.com/games/130113239223915/,114,74036,Nevermoon,9317716494,2026-09-20 22:29
Fashion Disaster 🔥 [NEW],https://www.roblox.com/games/99616479255548/,114,205713,PlayGirldom,9988878194,2026-09-20 22:29
⚽ RONALDO VS MESSI'S PRISON RUN! (Obby),https://www.roblox.com/games/117652802387059/,114,48354,rich mentality,10741226195,2026-09-20 22:29
The Zombie's Revenge v26.5.15,https://www.roblox.com/games/138420615060837/,114,109688,Hard Working Sloths,10545358816,2026-09-20 22:29
Steal Animes,https://www.roblox.com/games/108436002741951/,114,86579,Take The Anime,10764262569,2026-09-20 22:29
BSS 1:1: Remastered,https://www.roblox.com/games/82633953734938/,114,49468,bees & friendship,10764243278,2026-09-20 22:29
[🔥Season 1]💪Muscle Training 🧬,https://www.roblox.com/games/97632616326634/,112,394674,Masters Game Studios,10395172085,2026-09-20 22:29
Climb for Animals!,https://www.roblox.com/games/138174239321349/,112,204553,best game today,10764324234,2026-09-20 22:29
My Dream Pizza Store,https://www.roblox.com/games/119778485328549/,112,336107,Big Buffalo,10515927004,2026-09-20 22:29
Roll & DESTROY,https://www.roblox.com/games/105976892208680/,112,67096,Turn Cog Games,10606345605,2026-09-20 22:29
Logo For Dino 🦖 [Keyboard],https://www.roblox.com/games/117009372193021/,111,160833,Merge them,10759245732,2026-09-20 22:29
 Napoleonic War Bots [ 💥ARTILLERY],https://www.roblox.com/games/129117266875770/,111,321512,NWB | Napoleonic War Bots,10605922284,2026-09-20 22:29
Kidnap And Jail,https://www.roblox.com/games/72105128013629/,108,53140,RoDark Studios,10766725034,2026-09-20 22:29
[UPD] +1 Run for Animals!,https://www.roblox.com/games/81500367571429/,108,124246,Rott it up!,10755390793,2026-09-20 22:29
[🔥UPD X10] +1 Speed Soap Keyboard Escape,https://www.roblox.com/games/94336243865963/,107,148410,Soapy Keys,10349239695,2026-09-20 22:29
+1 Mine For Brainrots ⛏️,https://www.roblox.com/games/103955160980228/,107,65919,Deepworks,9716845603,2026-09-20 22:29
(🍂 ) WOTW 1999,https://www.roblox.com/games/124064687528031/,106,95428,Windows on the World,10436266602,2026-09-20 22:29
One Shot Arena,https://www.roblox.com/games/81782266776713/,106,320208,25BlackOgres,10467265594,2026-09-20 22:29
Unbox a Chibi Pet!,https://www.roblox.com/games/83703283019611/,106,364467,Nadiro Studios,10302491784,2026-09-20 22:29
🍣 2 Player Japanese Restaurant Tycoon,https://www.roblox.com/games/98429767972135/,105,266020,Chunc Studios,9960952281,2026-09-20 22:29
💬 ROMEET XP : Chat with random people!!! ,https://www.roblox.com/games/75136701178988/,105,429470,Clawkin Studios,10642580540,2026-09-20 22:29
[🧪] Steal A Mutant Seed,https://www.roblox.com/games/118103567093983/,105,47270,Mutant Collectors,10754691817,2026-09-20 22:29
[🦋&🩷] BitSlayer,https://www.roblox.com/games/110519041930729/,105,284876,Helios DevStudios,10485831144,2026-09-20 22:29
Hidden Suspects 🕵️,https://www.roblox.com/games/127176721302511/,105,159366,MMH Creations,10764428092,2026-09-20 22:29
How to Shoot Fish,https://www.roblox.com/games/83667675092882/,104,236303,Metavision Fishing,10754007975,2026-09-20 22:29
[🎁] SAE BEST DIVINE + P2P ADMN PANEL 🎁,https://www.roblox.com/games/126106152706097/,104,163500,DEMONWING,10765682654,2026-09-20 22:29
Would You Rather: Style Contest Tower 👑,https://www.roblox.com/games/78691349192793/,104,146338,Tower RNG,10765703059,2026-09-20 22:29
Climb Desert Snek Tower 2,https://www.roblox.com/games/89373531354578/,103,351331,Monster Climbers,10498734006,2026-09-20 22:29
[🎶] AUTHORIZE,https://www.roblox.com/games/130995749932044/,103,246603,THISPLAN,10635956420,2026-09-20 22:29
[🧑‍🍳NEW!] Restaurant Empire,https://www.roblox.com/games/71915754592532/,102,216687,delucchi,10537728735,2026-09-20 22:29
Hospital Shift [HORROR],https://www.roblox.com/games/99384623586108/,102,456344,r4faachp,10523477599,2026-09-20 22:29
GET THE FLAG  🚩,https://www.roblox.com/games/108358081228547/,102,73422,mr roblox nugget,10764871456,2026-09-20 22:29
The Hunt. [REVAMP],https://www.roblox.com/games/119707929871816/,102,82636,THE OFFICIAL HUNT.,9803598389,2026-09-20 22:29
Steal A Soccer Player,https://www.roblox.com/games/103719179160331/,102,83132,Steal Soccer,10765733246,2026-09-20 22:29
SCHOOL WAR [V2] Crows Zero ,https://www.roblox.com/games/77160678446964/,101,377032,Rnat_666,10170333176,2026-09-20 22:29
Investor Wealth Empire,https://www.roblox.com/games/82056412345625/,101,214580,MR ET Studio,10630141075,2026-09-20 22:29
MODE.D BUI.LD A BOA.T,https://www.roblox.com/games/131727574239289/,100,48999,ethgamed,9971772488,2026-09-20 22:29
Scratch Empire [UPDATE],https://www.roblox.com/games/130469208178764/,100,71169,Feel Dev,10435466486,2026-09-20 22:29
Paris,https://www.roblox.com/games/116704807500762/,100,125584,lanadehrey,10765306358,2026-09-20 22:29
[AVENGE] SOBRE: Prime,https://www.roblox.com/games/118300053361855/,100,361931,distrust hq version 2.2.2 the cooler edition,10286407609,2026-09-20 22:29
[UPD] Ship Vs Iceberg,https://www.roblox.com/games/134589172617276/,99,36501,holy slop games,10759809321,2026-09-20 22:29
[UPD] Dig Up Aliens 👽,https://www.roblox.com/games/100127971779064/,99,109024,DRL Games,10637343118,2026-09-20 22:29
+1 Glove Evolution,https://www.roblox.com/games/112423772467979/,99,108920,Syllec,10624145902,2026-09-20 22:29
🐇 +1 Jump Bunny Escape,https://www.roblox.com/games/106038292712133/,99,62256,mmm more celery,10765607091,2026-09-20 22:29
[😈] Pack A Brainrot Card,https://www.roblox.com/games/72854704512765/,98,66079,FriesBros Studio,10763764017,2026-09-20 22:29
[⚔️] Plants vs Zombies TD,https://www.roblox.com/games/86598346626199/,98,243109,Slushy TD,10660190136,2026-09-20 22:29
(💰FREE 850K🎮) YNS Life 2,https://www.roblox.com/games/128759024295003/,97,302978,#Risk Studios,10412805335,2026-09-20 22:29
Decoy,https://www.roblox.com/games/71960241446946/,97,68053,your experience has reduced exposure,10766498246,2026-09-20 22:29
Plunder,https://www.roblox.com/games/82531308645115/,96,85643,Big Bad Bark,10766399546,2026-09-20 22:29
Build A Battle Bot,https://www.roblox.com/games/106382692972340/,95,53100,BattleBot Studio,10765666801,2026-09-20 22:29
"Craft, Dig & Mine",https://www.roblox.com/games/74087018856103/,95,69655,InfiniteVoxels,10765674331,2026-09-20 22:29
Decorate or Die (!UPDATE!),https://www.roblox.com/games/102048683673799/,95,227694,Sydneytattoos,10565608668,2026-09-20 22:29
Niche Hangout Place,https://www.roblox.com/games/127153083107200/,94,139304,The Niche Community,10638012133,2026-09-20 22:29
Haul Sweet Home,https://www.roblox.com/games/71673597035387/,93,177387,Sweet Home Studio,10766399467,2026-09-20 22:29
 City Park RolePlay,https://www.roblox.com/games/130469455663958/,91,98516,City Park Roleplay,7193102365,2026-09-20 22:29
[ROUTE 5!] Whistler Transit Bus Simulator,https://www.roblox.com/games/107900072854713/,91,371597,Whistler Transit System,6820451629,2026-09-20 22:29
Build a Bakery 🥐,https://www.roblox.com/games/113450637321433/,90,66926,Baking Community,9469309118,2026-09-20 22:29
Steve the Craftsman,https://www.roblox.com/games/122274956316208/,90,91584,This is Voxels,10765523466,2026-09-20 22:29
🥚Quiz Steal an Egg,https://www.roblox.com/games/80049430713762/,89,47699,Smart Guessers,10765597132,2026-09-20 22:29
Build a Car Wash,https://www.roblox.com/games/132949350124108/,89,483689,Beyond Average,10645771802,2026-09-20 22:29
Steal a Keyboard,https://www.roblox.com/games/137582220404441/,89,268252,Level0Expert X Novkod,10549057938,2026-09-20 22:29
🎟️ Fill The Seats,https://www.roblox.com/games/85187758722746/,89,50247,The Seat Game,10765574547,2026-09-20 22:29
RUNEHEAVEN [IDLE RPG],https://www.roblox.com/games/114118947106321/,88,185878,Idle Games Inc,10548152848,2026-09-20 22:29
(UPD) Monster Truck LEGENDS,https://www.roblox.com/games/86938762919210/,87,487710,LRM Studio,10009533319,2026-09-20 22:29
Ride a Bike Duo [2 Player Obby],https://www.roblox.com/games/101906833352218/,87,86901,Capivara Company,10766197221,2026-09-20 22:29
Chaos Playground,https://www.roblox.com/games/120083732786267/,87,473169,Danchik_777228,9416637428,2026-09-20 22:29
⛏️ Break an Egg,https://www.roblox.com/games/109665604071009/,87,112410,{ CLASSIFIED },10765702906,2026-09-20 22:29
⚡[NEW!] Steal an Dragon Egg And BATTLE! ⚡,https://www.roblox.com/games/123452710869364/,87,460350,Slime Studio XLL,10765656746,2026-09-20 22:29
꒰ little space sensory room ᵔᴥᵔ ꒱,https://www.roblox.com/games/112984544248418/,86,28541,sweetie',10750672533,2026-09-20 22:29
Merge Your Car,https://www.roblox.com/games/91679396827589/,86,141233,Habit Games!,10600832821,2026-09-20 22:29
Evolve Your TNT!,https://www.roblox.com/games/121650514386840/,86,158495,TheShedStudios,10664592957,2026-09-20 22:29
Roll For Avatar Items,https://www.roblox.com/games/122854503601959/,86,195723,My Simple Games,10429339100,2026-09-20 22:29
Definitely Not Gambling,https://www.roblox.com/games/117373874259363/,86,101161,Ten CCU Creations,10527581034,2026-09-20 22:29
[UPD 4!] Dropper Upgrade Tycoon,https://www.roblox.com/games/131531959127937/,86,99780,pikachu_awesomecool,8089343129,2026-09-20 22:29
"[20] Backroom: Verity [Play as Verity]
",https://www.roblox.com/games/75316765513618/,86,371511,OkM00UT,10548747289,2026-09-20 22:29
🛠️ ADMIN,https://www.roblox.com/games/130227836881224/,86,91302,MMH Games,10605095301,2026-09-20 22:29
ELITE ,https://www.roblox.com/games/129274112108202/,86,65072,your experience has reduced exposure,10766496132,2026-09-20 22:29
🍀 Lucky Block Gear Tower,https://www.roblox.com/games/127195837300268/,85,273791,Ton 618 Experiences,10763020877,2026-09-20 22:29
[PARTY] The Port,https://www.roblox.com/games/98758078901172/,85,288302,AMBITION DISTRICT,10582675661,2026-09-20 22:29
Operation: Void [BETA],https://www.roblox.com/games/116114604158023/,85,349716,Reinmaufs,10384497806,2026-09-20 22:29
Deep Sea Days,https://www.roblox.com/games/104205534492750/,84,102185,Deep Sea Days,10766399290,2026-09-20 22:29
Guess The Logo! 🔎 [50],https://www.roblox.com/games/70627438100786/,84,275055,Endless Joy Games,10055876451,2026-09-20 22:29
[UPD 9!🏆] Weapon Factory⚔️,https://www.roblox.com/games/108452487199736/,84,347073,RedBolts,9324550080,2026-09-20 22:29
[🔥] Panaderya!,https://www.roblox.com/games/135762233659303/,84,308034,Arbeiten,10764935022,2026-09-20 22:29
 Los Bombers [CONSOLE GUN SUPPORT],https://www.roblox.com/games/107773236207374/,84,102530,Writer's Bench,10058522900,2026-09-20 22:29
[🧟] Guns VS Zombies,https://www.roblox.com/games/112748247481084/,83,186179,ISG Gaming,10509920282,2026-09-20 22:29
+1 Keycap Evolution!,https://www.roblox.com/games/95830162574442/,83,141807,Keycaps Keycaps Keycaps,10458271783,2026-09-20 22:29
Chip Co.,https://www.roblox.com/games/104601943366685/,83,197130,chigosgames,10596475576,2026-09-20 22:29
Generic Troll Obby,https://www.roblox.com/games/100258727267554/,83,154933,Happy Obbying,9491018178,2026-09-20 22:29
[⚡UPD] Rarity Incremental,https://www.roblox.com/games/99647756547233/,83,166779,asherppan,9798651920,2026-09-20 22:29
[CO-OP] Plant & Steal 🌱,https://www.roblox.com/games/93801483388308/,82,93178,MILLOLL GAMES,10760891576,2026-09-20 22:29
WWE 2027 | Roblox Wrestling,https://www.roblox.com/games/105743369093655/,82,352544,R2 Interactive,10514436936,2026-09-20 22:29
🚨 WANTED,https://www.roblox.com/games/140537941883279/,82,182534,MMH Games,10589175301,2026-09-20 22:29
[🌍UPD] Space Life,https://www.roblox.com/games/74302392980045/,81,491572,SpaceByte,9363453139,2026-09-20 22:29
Zombies Tower Infection,https://www.roblox.com/games/118886843493669/,81,393768,Zombies4Games,10257176556,2026-09-20 22:29
just a sniper game,https://www.roblox.com/games/129626004396080/,81,174455,Drake's Biggest Fan Games,10335111891,2026-09-20 22:29
Tap to Build a Car Empire!,https://www.roblox.com/games/120930569198902/,81,74830,FunLab Inc,10090947651,2026-09-20 22:29
[SALE!] Start Your Football Career!,https://www.roblox.com/games/89017396894382/,80,57824,Silver Ridge Games,10750522434,2026-09-20 22:29
Grow an Aquarium 🐠,https://www.roblox.com/games/116102435125354/,80,271164,FireBorn Games,10550750043,2026-09-20 22:29
MonsterTest,https://www.roblox.com/games/140612151109204/,80,436370,Starlight Odyssey,10453280904,2026-09-20 22:29
Strike Lightning For Brainrots⚡,https://www.roblox.com/games/109317795550142/,80,67395,Festival Studio,10398872124,2026-09-20 22:29
[MECHAS] Throw A Rock ,https://www.roblox.com/games/85618776005651/,80,241195,nоаh,10553269418,2026-09-20 22:29
BitSaw Man (UPD 7: COMBAT AND LIFE REVAMP),https://www.roblox.com/games/82452638793390/,80,151735,SS | Solstice Studios,10495384573,2026-09-20 22:29
POLIGON [UPDATE],https://www.roblox.com/games/114753752307453/,80,313824,European Interactive,9624263601,2026-09-20 22:29
Design City 🎨 [BETA],https://www.roblox.com/games/119948535430347/,80,66809,META MATE,10764695484,2026-09-20 22:29
+1 Speed Planet Explorer,https://www.roblox.com/games/76528468334874/,79,287378,LETS PLAY IT!,10142446782,2026-09-20 22:29
[TEMP] 🔴 OhThatsChaos,https://www.roblox.com/games/114503948136615/,79,110950,Chaos Interactives,10655705869,2026-09-20 22:29
[💨] Steal An Anime Card [NEW],https://www.roblox.com/games/93212464164716/,79,60439,DoRich,10761059877,2026-09-20 22:29
[RP] Tidewater: Deep Winter,https://www.roblox.com/games/18139018320/,78,341500,Tidal Interactive,6149317441,2026-09-20 22:29
Hospital Cleanup!,https://www.roblox.com/games/107176120847484/,77,124723,NightSync Studio,10604945306,2026-09-20 22:29
The Capital of the Several Kingdoms,https://www.roblox.com/games/18954751466/,77,438725,Several Kingdoms,6419566546,2026-09-20 22:29
[X2] Launch A Nuke! ☢️,https://www.roblox.com/games/132906917070002/,77,456427,Gold Gold Gold Mine,10422260180,2026-09-20 22:29
WrestlingX [EXHIBITION ADDED],https://www.roblox.com/games/10059595491/,76,111877,Ardio | Liliardio,3700393331,2026-09-20 22:29
Pirates in a Bottle,https://www.roblox.com/games/85404832795145/,76,86496,NutPunch Games,10701542378,2026-09-20 22:29
[S1] Manila High,https://www.roblox.com/games/132459604632251/,76,58891,Manila High,10199189073,2026-09-20 22:29
TAMAN DANAU VOICE [CHAT],https://www.roblox.com/games/124084626290203/,75,448727,Volter Community,10275172582,2026-09-20 22:29
[🥞] Make a Pancake!,https://www.roblox.com/games/127768809070884/,75,121104,Pancake Art!,10650979742,2026-09-20 22:29
[UPD] Cook Noobs 👨‍🍳,https://www.roblox.com/games/99308984951216/,74,48205,T³ Studio,10765321342,2026-09-20 22:29
🔪 MM2 of Monsters ,https://www.roblox.com/games/138548506825585/,73,99350,The Green Banana Studios,10764407051,2026-09-20 22:29
My Drive Thru,https://www.roblox.com/games/112167879759234/,73,87812,Habit Games!,10744825948,2026-09-20 22:29
+1 Strong Escape,https://www.roblox.com/games/76262166692466/,73,47719,The Gang Stockholm,10686641570,2026-09-20 22:29
⛏️ModdedCraft Voxels🌈(RAINBOW TNT BLOCKS),https://www.roblox.com/games/85603062599346/,72,350840,Hoffdorgame,10276983896,2026-09-20 22:29
[WEAPONS!] Beast Fighters,https://www.roblox.com/games/136291898473097/,72,132339,Games or Something?,10452504192,2026-09-20 22:29
[MIMIC] Bite By Night BUT INFINITE,https://www.roblox.com/games/81918595091497/,72,381864,devsayyy,10405778232,2026-09-20 22:29
2026 NJUT [Upgrade Tree],https://www.roblox.com/games/102761727286812/,72,28183,Bauspicious Games,10687006272,2026-09-20 22:29
Where Did I Park?,https://www.roblox.com/games/96197006873131/,72,56817,Where Did I Park?,10766426236,2026-09-20 22:29
[👕] Ukay Ukay,https://www.roblox.com/games/76761322556241/,72,189364,UKAYAN,10763229308,2026-09-20 22:29
🔥[UPD]Jump To Steal Anime Characters,https://www.roblox.com/games/100430979406900/,72,86238,DTW_0113,10698078763,2026-09-20 22:29
[⚔️NEW] Fight Boss for Anime!,https://www.roblox.com/games/109974949389714/,71,161032,we maek gaems,10479581958,2026-09-20 22:29
[Beta]Shadows of Conflict,https://www.roblox.com/games/95765483763940/,71,56254,Direct_Studios,10247467836,2026-09-20 22:29
Lift a Hammer,https://www.roblox.com/games/110889732278749/,71,146519,strongman thor,10766008481,2026-09-20 22:29
Block Fruits Trading Plaza 🍎,https://www.roblox.com/games/114369323264665/,71,240686,10 Ping,10765591166,2026-09-20 22:29
New Lands | V3 [UPD],https://www.roblox.com/games/112498413803854/,71,173989,Xgame_modeTae,10550301165,2026-09-20 22:29
Raise a Pet 🐣,https://www.roblox.com/games/92405537801012/,71,246973,Secret Animals Studio,10731994755,2026-09-20 22:29
ESCAPE SUBWAY OBBY!,https://www.roblox.com/games/97558144720486/,70,394424,rich mentality,10757343257,2026-09-20 22:29
[❓] Guess The Age,https://www.roblox.com/games/74243622166937/,70,166851,Fun Slop Minigames,9566819006,2026-09-20 22:29
[UPD] Sword RNG X,https://www.roblox.com/games/88723502997575/,70,58893,Vermillion Inc.,10389762549,2026-09-20 22:29
[V2] BitNinja,https://www.roblox.com/games/140386055716872/,70,112825,CXM Studios,10393364874,2026-09-20 22:29
🎁 OPEN SAEM LUCKYBLOCK + MODZZZ 🌈,https://www.roblox.com/games/127310334046880/,70,30406,I WILL ALWAYS WIN,10766405584,2026-09-20 22:29
Minions & Monsters'S PRISON RUN! (Obby),https://www.roblox.com/games/127134469230021/,69,333890,Miner's Base,10368616089,2026-09-20 22:29
⚔ Legendary Weapon RNG [BETA],https://www.roblox.com/games/124951815167262/,69,103898,keppekicamp,10551814433,2026-09-20 22:29
[🤖 RESEARCH] Hatch or Crack Egg,https://www.roblox.com/games/110896557042428/,69,43115,Get it or Lose it,10765677986,2026-09-20 22:29
Build My Army ⚔️,https://www.roblox.com/games/119187964148263/,68,186874,War against armies,10406400224,2026-09-20 22:29
Dont Steal Weapons,https://www.roblox.com/games/97019213995659/,68,98269,Games Down - War,10756232032,2026-09-20 22:29
+1 Skateboard Obby Escape! 🛹💨,https://www.roblox.com/games/95027313547038/,67,198180,Everest Studios.,10682830768,2026-09-20 22:29
Magic Piano,https://www.roblox.com/games/71278628540517/,67,245275,D_Hua,10148419081,2026-09-20 22:29
[ENGINEER] Bullet Blade,https://www.roblox.com/games/91023290238747/,67,120996,Single Devs,9839500480,2026-09-20 22:29
ASMR Collection,https://www.roblox.com/games/100412598297226/,67,62787,ASMR+,10764882454,2026-09-20 22:29
⛏️Mine RNG [UPDATE],https://www.roblox.com/games/84745252930301/,67,402723,REHAN STUDIO,10432410993,2026-09-20 22:29
+1 🔥 Burn Grass for Pets! [WORLD 2],https://www.roblox.com/games/100834709741907/,67,74492,RavenForgeGames,10756296536,2026-09-20 22:29
+1 Ride Flex Escape 🐎,https://www.roblox.com/games/128972091548420/,67,384154,Fifty Five Games,10370468862,2026-09-20 22:29
+1 Speed Jelly Keyboard Escape,https://www.roblox.com/games/124672919761459/,67,223039,BATATES.,10567526325,2026-09-20 22:29
Escape the Sushi Restaurant! (SCARY OBBY),https://www.roblox.com/games/100160905922457/,66,52220,UFO Creations,10765171902,2026-09-20 22:29
Anomaly Hospital🌈Roleplay!,https://www.roblox.com/games/118953380276001/,66,470846,Clara's kitties MMV レ・ロ・マ,10493021975,2026-09-20 22:29
Scooter vs E-Bike (Early Access),https://www.roblox.com/games/118733708855616/,66,190852,SMF Studios,10765830109,2026-09-20 22:29
[UPDATE 4!] BECOME AN UNDERGROUND RAPPER!,https://www.roblox.com/games/87394904821320/,66,327869,Clueless Squad,10393476596,2026-09-20 22:29
Merge a Factory,https://www.roblox.com/games/70436696162919/,66,115082,Habit Games!,10740066042,2026-09-20 22:29
Clean a Toy Store,https://www.roblox.com/games/139868439697659/,66,195398,Duck Gamesᅠ,10421824133,2026-09-20 22:29
ASHES OF EARTH (Early Access),https://www.roblox.com/games/135707568930932/,66,212482,SeidaMSS,10666203317,2026-09-20 22:29
🗡️+1 Sword vs Anime,https://www.roblox.com/games/72600023868608/,66,249776,Flying Sword Escape,10683022630,2026-09-20 22:29
merge the phighting beans,https://www.roblox.com/games/136731220024380/,66,127067,vamoopyy,10515011534,2026-09-20 22:29
⚽️MBAPPE PRISON RUN!,https://www.roblox.com/games/92053770769208/,66,200113,Rich Obby,10739690381,2026-09-20 22:29
🪽 FLY,https://www.roblox.com/games/106636820019128/,66,279042,MMH Games,10544367801,2026-09-20 22:29
Run a Mail Office!,https://www.roblox.com/games/114976396920903/,65,345492,Sunnyside Interactive Studios,10417862026,2026-09-20 22:29
{🔴LIVE} Start Your Streamer Career!,https://www.roblox.com/games/98653121393961/,65,21155,ShamShaws Studio,10765106454,2026-09-20 22:29
🐝 My Bee Builders,https://www.roblox.com/games/81993773882660/,65,98188,Fish Farmers,10631088398,2026-09-20 22:29
Merge Guns vs Zombies[UPD],https://www.roblox.com/games/121431861551733/,65,144796,TPS GAMES,10678412763,2026-09-20 22:29
Eat and Grow Bigger 🦈,https://www.roblox.com/games/98442269089928/,65,404210,RoDark Studios,10560298225,2026-09-20 22:29
Lift a Baddie,https://www.roblox.com/games/123281241164657/,65,40617,strongman thor,10766451417,2026-09-20 22:29
Voxels,https://www.roblox.com/games/116621455286191/,64,100051,TVA_Studio,10598167210,2026-09-20 22:29
Collect Planets,https://www.roblox.com/games/91860758705132/,64,39670,RockyStar Studios,10445832507,2026-09-20 22:29
Dropshipping Empire,https://www.roblox.com/games/122945286936102/,64,52507,Youngs Studios,10506307646,2026-09-20 22:29
My Giant Farm,https://www.roblox.com/games/98906051062892/,64,377437,MareStudios,10550751900,2026-09-20 22:29
+1 Dragon Evolution,https://www.roblox.com/games/129837550246673/,64,367926,Mooncap Studios,10612818948,2026-09-20 22:29
Catch Your Flight! ✈️,https://www.roblox.com/games/77771337342425/,64,30435,So Clean Games,10766439439,2026-09-20 22:29
Zen Emote 🧘‍♂️,https://www.roblox.com/games/140131482593009/,64,126239,your experience has reduced exposure,10765902009,2026-09-20 22:29
Miami beach fete[CHURCH 3:00],https://www.roblox.com/games/138014435146181/,63,193591,Official Caribbean Heat,10643354683,2026-09-20 22:29
🎉EVENT X20 EXP LVL | PARTY D'KOST | FREE TITLE,https://www.roblox.com/games/120777350329801/,63,299877,DISKOST,10583889411,2026-09-20 22:29
Split or Steal Muscle 💪,https://www.roblox.com/games/115100337000731/,62,349907,Brain Trip Studio,10320533668,2026-09-20 22:29
Drift a Car,https://www.roblox.com/games/95871661433297/,61,184806,Drift a Thing,9663197191,2026-09-20 22:29
[⛏️] Smash Ice for Brainrots,https://www.roblox.com/games/110661527645483/,61,195809,One Pirate Crew,10144179810,2026-09-20 22:29
Roll A Dice,https://www.roblox.com/games/135731402994040/,61,186179,Sillys super cool awesome games,10648471692,2026-09-20 22:29
[⭐Glyphs] Tower Incremental,https://www.roblox.com/games/75766778174856/,61,16890,Lucky CStudios,10765067592,2026-09-20 22:29
[UNBAN WIPE🔨  Lakewood Chicago V3,https://www.roblox.com/games/101847361097760/,61,24031,roblox_user_10180098349,10755352213,2026-09-20 22:29
[NEW] Change Tires,https://www.roblox.com/games/125005037337796/,61,166540,Shadow Rabbit,10735512047,2026-09-20 22:29
❓ UNKNOWN,https://www.roblox.com/games/82034502405040/,61,22539,MMH Games,10594210238,2026-09-20 22:29
SPACE LIFTERS,https://www.roblox.com/games/100903846028099/,60,15391,Natt Studio,10766631529,2026-09-20 22:29
Build Base to Survive DINO,https://www.roblox.com/games/138388547521366/,60,65009,Best Animal Productions!,10765740210,2026-09-20 22:29
Pull Giant Eggs,https://www.roblox.com/games/82289779571991/,60,56416,Rush Secrets!,10765295082,2026-09-20 22:29
[🏀] HOOPS Basketball,https://www.roblox.com/games/117249701611527/,59,456416,Lobster Interactive,10204628932,2026-09-20 22:29
MTAoR: The FULL Experience,https://www.roblox.com/games/92798827975611/,59,211654,MTAoR: The Experience,10360554520,2026-09-20 22:29
Clean The Zoo!,https://www.roblox.com/games/133805440375028/,58,225124,Jetstreams Games,10480465708,2026-09-20 22:29
+1 Aura Evolution,https://www.roblox.com/games/118535235240973/,58,69207,Blue Software,10766061942,2026-09-20 22:29
Run An Illegal Business,https://www.roblox.com/games/93015933934800/,57,99164,Vaultix Studios,10765584215,2026-09-20 22:29
Zombies RNG!,https://www.roblox.com/games/114594831178681/,57,32184,OP Zombie Luck,10623981206,2026-09-20 22:29
MAIN SERONG,https://www.roblox.com/games/107467858865112/,57,201340,DUNGO CIPTO,10759243320,2026-09-20 22:29
🍩 Work at a Donut Shop,https://www.roblox.com/games/106392725109926/,56,273934,Dunkin' Donuts Roleplay,10226236315,2026-09-20 22:29
💻 HACKS,https://www.roblox.com/games/91257028000460/,56,110959,MMH Productions,10632481516,2026-09-20 22:29
Word Hunt🔍 ,https://www.roblox.com/games/124369430681784/,55,260775,Puzzle Empire.,9865931248,2026-09-20 22:29
Ants Flow,https://www.roblox.com/games/106349122814531/,55,45291,AurumDust,10732067827,2026-09-20 22:29
Happy's Glitch Obby,https://www.roblox.com/games/74953157479643/,55,42967,Happy Obbying,10764479494,2026-09-20 22:29
AURA CLUB 🔥,https://www.roblox.com/games/112657467417986/,55,144786,Comunidad de AURAS,10645732218,2026-09-20 22:29
[NEW] +1 Climb Obby Escape,https://www.roblox.com/games/87201477152049/,55,26802,1001%,10765716033,2026-09-20 22:29
Chase Animals for Pets,https://www.roblox.com/games/130722642441873/,55,25835,MILLOLL GAMES,10765678789,2026-09-20 22:29
✨ RARE,https://www.roblox.com/games/113681955931567/,55,17767,MMH Games,10594220976,2026-09-20 22:29
+1 Health Evolve,https://www.roblox.com/games/73682953384245/,55,471925,+1 Evolution Lab,10249118462,2026-09-20 22:29
Villa Rica Testing Grounds,https://www.roblox.com/games/123730047778966/,54,13227,"Villa Rica, GA Official",10440909815,2026-09-20 22:29
MUSOR DROP [CASES AND UPGRADER],https://www.roblox.com/games/126697347409345/,54,27637,Gates Of Shades,10648038143,2026-09-20 22:29
Into SouthCentral,https://www.roblox.com/games/91004757916787/,54,81218,kynoxsyr,10684248977,2026-09-20 22:29
🗣️ ENGLISH OR SPANISH,https://www.roblox.com/games/123540622480082/,54,264288,MMH Games,10605099109,2026-09-20 22:29
[Ascesions] BSS 1:1 FREE GAMEPASSES,https://www.roblox.com/games/95650879775978/,54,17186,yawning ヅ,10766636983,2026-09-20 22:29
Firefly Jar  ✨,https://www.roblox.com/games/97058475442837/,54,119519,your experience has reduced exposure,10765902457,2026-09-20 22:29
[🧿MYCELIUM MADNESS] DeShroom for Brainrots🍄✨,https://www.roblox.com/games/118263445979389/,54,85409,Three Frontiers,10030463646,2026-09-20 22:29
Destroy The Villagers With VERITY!,https://www.roblox.com/games/130231909485993/,53,285178,Starkan Studios,10643819295,2026-09-20 22:29
[UPD] Merge a Garden 🌱 ,https://www.roblox.com/games/85098118022260/,53,80105,Idealix Studios,10638703241,2026-09-20 22:29
+1 Clone Per Chop,https://www.roblox.com/games/70519342014411/,53,45834,premium made,10486632065,2026-09-20 22:29
somewhat stupid secrets [74],https://www.roblox.com/games/120840032775620/,53,107176,Pseudonymous Games,9347659193,2026-09-20 22:29
[💣] Bomb Fish,https://www.roblox.com/games/100281581310875/,53,40090,RealiTea Studios,10765766451,2026-09-20 22:29
[UPD]🧸 Toy Story 5 Roleplay!,https://www.roblox.com/games/131051477215851/,53,58351,Vorix Games,10762964191,2026-09-20 22:29
pretty cool princess,https://www.roblox.com/games/75009218715136/,53,161001,Murder Mystery L Studios,10335414560,2026-09-20 22:29
[📱] Guess My App,https://www.roblox.com/games/79096589808390/,52,233468,GoldenVault,10731257103,2026-09-20 22:29
The Capital of the Realm,https://www.roblox.com/games/95538910287469/,52,125317,The Realm Reborns,10362461154,2026-09-20 22:29
Alphatale: Last Corridor [HUGE Update],https://www.roblox.com/games/113929835311352/,52,276429,Alphatale: Last Corridor Official,10183983181,2026-09-20 22:29
Throw a KNIFE!,https://www.roblox.com/games/134608754667189/,52,60766,your experience has reduced exposure,10766497182,2026-09-20 22:29
Wall Glitch ,https://www.roblox.com/games/129902111571596/,52,125824,your experience has reduced exposure,10765899691,2026-09-20 22:29
"Survive, Shoot or Kill!",https://www.roblox.com/games/138481608927983/,52,11983,MMH Creations,10764427728,2026-09-20 22:29
🌙 Jump Rope to the Moon!,https://www.roblox.com/games/114444846884753/,51,40300,GLCR,10765197069,2026-09-20 22:29
[MIRAGE🪞] Basketball: Rivals,https://www.roblox.com/games/112739729422000/,50,52916,Basketball: Rivals,10034479764,2026-09-20 22:29
Crab Arena,https://www.roblox.com/games/76367703721164/,50,238949,uhh uhhhhhhhhhh,9328121234,2026-09-20 22:29
Who's Most Likely To? [2 Player Quiz],https://www.roblox.com/games/77298360368035/,50,293539,ALTEA Studios,10510323390,2026-09-20 22:29
Undertale Stupid Corridor (Dust reworks + skins),https://www.roblox.com/games/101948988257340/,50,94351,noob123408643,6511781602,2026-09-20 22:29
The Hundred Year's War,https://www.roblox.com/games/70601895765700/,50,314947,The Hundred Years' War,10404666954,2026-09-20 22:29
😇 INNOCENT,https://www.roblox.com/games/112515160116412/,50,56283,MMH Games,10594218469,2026-09-20 22:29
👑 OWNER,https://www.roblox.com/games/103180574738930/,50,181173,MMH Games,10544373190,2026-09-20 22:29
Voxelcraft Reborn,https://www.roblox.com/games/136388917161878/,50,85562,BlockyBloxx,10763893553,2026-09-20 22:29
🌻 Dandy's Fighters [PLAYTEST],https://www.roblox.com/games/85524738966703/,785,494994,S|0Ps,10457527462,2026-09-21 00:31
Paint the Face,https://www.roblox.com/games/86384689799187/,688,347476,HR MAKE GAMES,10669384399,2026-09-21 00:31
[🔥UPD] Atlanta Trenches,https://www.roblox.com/games/119820005878127/,618,201609,Next Era Studios,7586521365,2026-09-21 00:31
💙 JJ AND MIKEY ELEVATOR 💚,https://www.roblox.com/games/100772995639757/,604,475051,z.1,10543096341,2026-09-21 00:31
Antpocalypse,https://www.roblox.com/games/116666795477778/,541,253830,dradsds,10139875193,2026-09-21 00:31
Ping Pong Training 🏓,https://www.roblox.com/games/137737622318848/,508,316765,Training University,10628526114,2026-09-21 00:31
Zee : Testing,https://www.roblox.com/games/136914819212885/,476,50114,alternativemotion15,10187603664,2026-09-21 00:31
Stream ASMR 🔊 (SOON 👽),https://www.roblox.com/games/72274195323551/,476,273691,We Love ASMR,10488024223,2026-09-21 00:31
Destroy To Get Rich,https://www.roblox.com/games/124060433786277/,450,226652,Tear It Down,10761877505,2026-09-21 00:31
[UPD] +1 Break ASMR Walls,https://www.roblox.com/games/97446661025745/,433,309118,and collect Rare Loot,10639239544,2026-09-21 00:31
Building Sandbox [🔨],https://www.roblox.com/games/91899852101851/,427,319558,Vals Games,10658250410,2026-09-21 00:31
💪 Lifting Simulator: Remastered,https://www.roblox.com/games/78544923215308/,419,316304,Man Of The Year,10736403000,2026-09-21 00:31
[⌛] Catch Rare Eggs,https://www.roblox.com/games/122695061984284/,361,192221,Diskhar Games,10764898019,2026-09-21 00:31
[🤑EARN] Glass Bridge For Free,https://www.roblox.com/games/77236223365331/,335,172949,Nums Studio,10766205283,2026-09-21 00:31
Jump Into Longest Rainbow Spiral,https://www.roblox.com/games/116966413767019/,329,253051,Dizzy Experiences,10764627949,2026-09-21 00:31
[✨] Zig Zag Difficulty Chart Obby,https://www.roblox.com/games/106180920279569/,303,366657,Zig-Zag Studios.,10764358384,2026-09-21 00:31
Mol's Zombie Roleplay Game: Mer's Cut,https://www.roblox.com/games/73820760594095/,295,214860,MZRPG,10725703079,2026-09-21 00:31
Draw My Phonk! 🎶,https://www.roblox.com/games/137165471055972/,294,248485,EX10 Phonk,10765998757,2026-09-21 00:31
⚽ Kick a Soccer Ball,https://www.roblox.com/games/126937961040100/,293,176845,Ying&yang sports,10765266668,2026-09-21 00:31
Cut Through Everything,https://www.roblox.com/games/125706670310837/,279,65008,Sneaky Katana,10765835103,2026-09-21 00:31
🩸 Last Innocent,https://www.roblox.com/games/112690701042434/,244,131972,XDDDD BRUH LOL!!!! LOLOL!!!!!!!!! LOOOOOOOL!!!!!!!,10765519438,2026-09-21 00:31
Crush it,https://www.roblox.com/games/121212928855823/,235,208005,Passion Fruit Experience,10766483623,2026-09-21 00:31
[UPD][Horror] Night Shift,https://www.roblox.com/games/108582308738403/,230,115136,ImSirr,10766568716,2026-09-21 00:31
[RE] RH Random Dance (GTS),https://www.roblox.com/games/79590367107861/,226,123069,RH Studios,10766014137,2026-09-21 00:31
Dandy World Survival the Disaster (1.8),https://www.roblox.com/games/107455115165348/,221,321116,looy_64,9568305107,2026-09-21 00:31
🎮 TRY HARD KILLER!,https://www.roblox.com/games/72033955418749/,219,289687,XDDDD BRUH LOL!!!! LOLOL!!!!!!!!! LOOOOOOOL!!!!!!!,10628093656,2026-09-21 00:31
✨ [Two Groove] Trending Emote Dance,https://www.roblox.com/games/91064322438141/,217,67725,Cloudsevenn,10752743876,2026-09-21 00:31
LINS' PUNCH ,https://www.roblox.com/games/106261030160665/,216,159695,Deluxe Store #10K,10758145184,2026-09-21 00:31
Virus Lab 🧪,https://www.roblox.com/games/101041337696395/,192,348882,REgelly150,10270586480,2026-09-21 00:31
South Raq: Summer ’10,https://www.roblox.com/games/113469751117740/,187,402506,South Community Games,7023615026,2026-09-21 00:31
Midnight Spongebob [HORROR],https://www.roblox.com/games/115520270535417/,184,175543,Secret Midnight Recipe,10405166658,2026-09-21 00:31
Fly it!  [ 1 - 3 PLAYER],https://www.roblox.com/games/139387884739655/,183,417396,SXD Games,9632920496,2026-09-21 00:31
Smash A Bacon,https://www.roblox.com/games/108517691661499/,180,91551,Games for Bacons,10766105412,2026-09-21 00:31
[SBR] Anime Hunter [456 🔎],https://www.roblox.com/games/122566082330422/,179,187459,Perplex Studio,10638196549,2026-09-21 00:31
SELL YOUR OUTFIT,https://www.roblox.com/games/124239460312806/,178,73366,The Avatar Game,10589881655,2026-09-21 00:31
Fun Easy Bounce House Parkour Obby,https://www.roblox.com/games/131487607984184/,170,145082,Plastic Island,10765947729,2026-09-21 00:31
Run In Backrooms,https://www.roblox.com/games/136476287320244/,170,361857,[RIB],10543303753,2026-09-21 00:31
Be an Egg,https://www.roblox.com/games/75250668697932/,166,222915,ima spammer,10765061113,2026-09-21 00:31
[💸] INFINITE DONATION X,https://www.roblox.com/games/76653273729321/,165,42529,/gun.,10766654298,2026-09-21 00:31
(UPD) Backrooms Movie Roleplay,https://www.roblox.com/games/94316567815815/,164,322754,funwithcorgi,10309327172,2026-09-21 00:31
Honcho Practice,https://www.roblox.com/games/71276239588427/,161,64704,xmatissus,10765566974,2026-09-21 00:31
Spiral Stair Tower Alter Ego,https://www.roblox.com/games/131829899302656/,159,340929,SoIar's Kingdom of Mystery,10591851631,2026-09-21 00:31
Art Museum [Horror],https://www.roblox.com/games/139149856594652/,157,113826,Cutie 스튜디오,10757368589,2026-09-21 00:31
Build ASMR Bridge,https://www.roblox.com/games/99246209056272/,155,403916,Yapping For Life,10497964542,2026-09-21 00:31
Spicy Mukbang: Night Pool 🌶️ASMR [BETA] ,https://www.roblox.com/games/140116745095388/,153,304518,rias_ai,10496028858,2026-09-21 00:31
[UPD] Paint a Freddy!,https://www.roblox.com/games/126090029950112/,152,432703,Pankobytes,10572135491,2026-09-21 00:31
Steal Eggs From Animals!,https://www.roblox.com/games/110817497942005/,147,266706,My Patek Brainrot,9777345414,2026-09-21 00:31
Build and Hide to Survive VERITY,https://www.roblox.com/games/123393202531499/,139,62987,bright's basement,10758590316,2026-09-21 00:31
Steal The MM2 Weapons,https://www.roblox.com/games/114735864376769/,138,137570,Mystery Collection,10731223294,2026-09-21 00:31
[HUGE UPD] Cart Ride Into Verity,https://www.roblox.com/games/83462884431863/,135,155172,SwishCraftz,10460210606,2026-09-21 00:31
Jujutsu Kaisen Morph Roleplay,https://www.roblox.com/games/130421247942241/,132,173237,Anime Morph Studio,10764095269,2026-09-21 00:31
[🔫 FREE SWITCHES + 2x CASH💰 ] Miami Trenches,https://www.roblox.com/games/83195873548659/,129,212744,Money Makin’ Productions!,10045359877,2026-09-21 00:31
Find The Salt,https://www.roblox.com/games/92612358028918/,125,67069,Karam11OP,10766716334,2026-09-21 00:31
 [WORLD EVENTS] Reeled 🐟,https://www.roblox.com/games/137783946150684/,124,471029,Reeled,9511524806,2026-09-21 00:31
[🌴] Tap Odyssey!,https://www.roblox.com/games/111711091790469/,121,119432,Ruined Studios!,9813055079,2026-09-21 00:31
Paint to Get Rich 🎨,https://www.roblox.com/games/104320321984431/,119,65374,Toasty Works,10744310825,2026-09-21 00:31
Brownsville,https://www.roblox.com/games/88584724973703/,113,191595,Brownsville,10347573524,2026-09-21 00:31
Dynamic Shooting,https://www.roblox.com/games/114810499250973/,113,277227,Dynamic Shooting RBX,10613020985,2026-09-21 00:31
Lift A Weight 🏋️‍♂️,https://www.roblox.com/games/72336033607602/,112,294514,Never Stop Lifting,10765773094,2026-09-21 00:31
Pathos,https://www.roblox.com/games/81461536692460/,112,93095,pills interactive,10480966757,2026-09-21 00:31
The Chi: Cinematic Roleplay,https://www.roblox.com/games/124774045488923/,110,179389,The Chi Priority Group,10165443213,2026-09-21 00:31
+1 Freeze Per Click,https://www.roblox.com/games/130044361633958/,108,105054,Freeze Makers 572,10690820776,2026-09-21 00:31
[UPD] Melt The Snow❄️,https://www.roblox.com/games/140438981449428/,103,153316,Mango Enjoyer,10474094460,2026-09-21 00:31
Draw the Anime!,https://www.roblox.com/games/111623864036776/,102,50154,EX10 Anime,10766834928,2026-09-21 00:31
Kill PEPPA 😈🔪,https://www.roblox.com/games/95980835689071/,102,94817,Nums Studio,10392397539,2026-09-21 00:31
Steal From The Rich!,https://www.roblox.com/games/120475074479690/,101,276891,Lucky Finders,10753751277,2026-09-21 00:31
Paint The World!,https://www.roblox.com/games/135503286245781/,101,219672,Playrot,10631990166,2026-09-21 00:31
BAILE DA CHINA,https://www.roblox.com/games/78011581421782/,100,46605,Sytem ligth ten,10637252631,2026-09-21 00:31
🌈 CHROME ITEMS!,https://www.roblox.com/games/111100304862849/,99,50097,XDDDD BRUH LOL!!!! LOLOL!!!!!!!!! LOOOOOOOL!!!!!!!,10765518660,2026-09-21 00:31
[Eat Fish 🐟] Under The Sea,https://www.roblox.com/games/127084565154104/,98,78615,DeMGoTcHaBoYz,10765346328,2026-09-21 00:31
Tropical Toilet Simulator,https://www.roblox.com/games/12604645774/,97,289783,RadiantRuby30,4423920056,2026-09-21 00:31
Survive LAVA for Animals [BETA],https://www.roblox.com/games/109873837911080/,96,98081,The Evil Mafia,10765245889,2026-09-21 00:31
Cinema Tycoon 🍿,https://www.roblox.com/games/138925189901136/,96,102881,Pr0Stuff,9390999350,2026-09-21 00:31
Carry Heavy Eggs!,https://www.roblox.com/games/75007966543940/,95,27873,Virtuoso Eggs,10765525510,2026-09-21 00:31
🔫 GUN DROP,https://www.roblox.com/games/73469250074135/,95,62745,XDDDD BRUH LOL!!!! LOLOL!!!!!!!!! LOOOOOOOL!!!!!!!,10765519414,2026-09-21 00:31
[UPD] IQ Escape Room 🧠,https://www.roblox.com/games/131404543380238/,93,96159,Brain Frog,10638395732,2026-09-21 00:31
+1 Paint Keyboard Adventure,https://www.roblox.com/games/103429966174263/,93,128648,NoYep Games,10608856704,2026-09-21 00:31
[FPS] FLING,https://www.roblox.com/games/137334925228489/,92,143645,not verified games,9949148856,2026-09-21 00:31
7 Days,https://www.roblox.com/games/82668872823231/,92,203648,Middleways Studio,10748500512,2026-09-21 00:31
[💰FREE 350K🔫] Bronx Streets 💥,https://www.roblox.com/games/97816840219343/,91,164667,Hood Studios!,10763808155,2026-09-21 00:31
Become and Steal a Brainrot! 🧠,https://www.roblox.com/games/93804485494252/,90,102212,Brainrot Power Academy,10756631918,2026-09-21 00:31
🔪 STOP THE KILLER,https://www.roblox.com/games/70767477976023/,90,48099,XDDDD BRUH LOL!!!! LOLOL!!!!!!!!! LOOOOOOOL!!!!!!!,10765518822,2026-09-21 00:31
[🔥NEW] Hatching Simulator⚡,https://www.roblox.com/games/103987435961619/,89,42579,Enforcer Pets,10766346093,2026-09-21 00:31
Piseiro's Wall (We're back!),https://www.roblox.com/games/121221657846667/,89,61237,Conexão Piseiro & Selva 2,10765481889,2026-09-21 00:31
Break a Chain ⛓️,https://www.roblox.com/games/114366746597311/,86,179787,ErEr Games,10765864552,2026-09-21 00:31
[NEW GUNS🔥] OFFICIAL GUN TEST (EARLY ACCESS),https://www.roblox.com/games/138708560036069/,86,271413,Οut West,10337575056,2026-09-21 00:31
🔫 SHOOTING!,https://www.roblox.com/games/115823543368569/,85,56600,XDDDD BRUH LOL!!!! LOLOL!!!!!!!!! LOOOOOOOL!!!!!!!,10765519424,2026-09-21 00:31
Jump Into GUGUGAGA penguin,https://www.roblox.com/games/116363376079934/,85,110843,Dizzy Experiences,10761320748,2026-09-21 00:31
⚽ +1 Power Per Bounce!,https://www.roblox.com/games/106086638708302/,84,292974,Cassa Games,10412201193,2026-09-21 00:31
[FREE KJ & COSMIC] Supreme Battlegrounds!,https://www.roblox.com/games/120192573109243/,83,359472,Awaken's Studio!,10435022521,2026-09-21 00:31
Fly Jump Tower,https://www.roblox.com/games/88350648856928/,82,131655,elxyr,10518347232,2026-09-21 00:31
Steal a Hacker Egg,https://www.roblox.com/games/95219522950423/,82,207133,it's time for a win,10765490955,2026-09-21 00:31
🚪 NO ESCAPE,https://www.roblox.com/games/110668641626508/,82,51287,XDDDD BRUH LOL!!!! LOLOL!!!!!!!!! LOOOOOOOL!!!!!!!,10765518708,2026-09-21 00:31
DANCE 360🔥[NEW MAP] ,https://www.roblox.com/games/76088692081743/,81,156909,360Community,10294265973,2026-09-21 00:31
Zombie Base Defense ⚔️,https://www.roblox.com/games/125474121706035/,78,413278,Base Defense Games,10503890169,2026-09-21 00:31
(DESERT EVENT!) Weight Lifting Simulator 3,https://www.roblox.com/games/100965599818018/,78,163900,Burnin' Studios!,10765363378,2026-09-21 00:31
[UPDATE] SURVIVE SHREK,https://www.roblox.com/games/117791163886238/,78,28022,fourjaf games,9269245225,2026-09-21 00:31
🌶️ Eat Spicy Food Simulator,https://www.roblox.com/games/121106709456340/,77,461549,Apparently Ghost Peppers,10140651707,2026-09-21 00:31
[⛄] Clean The Snow,https://www.roblox.com/games/125516054890818/,77,4988,Zhi Games,10765864861,2026-09-21 00:31
🐱 Felicity's Factory RP [Alpha 0.10],https://www.roblox.com/games/110902562793257/,76,447163,cozmofriend1,9177448326,2026-09-21 00:31
👀 Don’t Trust Anyone,https://www.roblox.com/games/90020378329763/,75,32779,XDDDD BRUH LOL!!!! LOLOL!!!!!!!!! LOOOOOOOL!!!!!!!,10765519909,2026-09-21 00:31
BloodHound Q50 Obby 🩸 [BOSS FIGHT],https://www.roblox.com/games/131055403515897/,74,32590,smh's fan club,10766373724,2026-09-21 00:31
Math for Squishy Dumplings!,https://www.roblox.com/games/128227682180237/,74,476052,Pankobytes,10269533007,2026-09-21 00:31
TIKTOK POLICE PRISON RUN! (Obby),https://www.roblox.com/games/122144478464762/,74,345586,[ Content Deleted 8298919 ],10539085519,2026-09-21 00:31
+1 Strength to Break Floors,https://www.roblox.com/games/124077743749618/,73,47404,KICK GO BRRR,10765338945,2026-09-21 00:31
💸 Big Donations [WORKING],https://www.roblox.com/games/94673863767219/,72,164492,/virals,10761518158,2026-09-21 00:31
🤑 Find the Bobux 🤑,https://www.roblox.com/games/95830684383456/,71,174726,S|V|G,10642756546,2026-09-21 00:31
[NEW] Sand To Rich,https://www.roblox.com/games/117233847904908/,71,158950,KazTheReal,10765287762,2026-09-21 00:31
[👽] Drain A Chocolate Volcano [New Code],https://www.roblox.com/games/139177233001360/,71,150590,Stud Studio Obbies,10474622194,2026-09-21 00:31
[🎙️ VC] Sandbox Game Secret,https://www.roblox.com/games/82674415473541/,71,316867,Ham's MM2,10500818234,2026-09-21 00:31
Aura Farm Battles 🔥,https://www.roblox.com/games/115912186511755/,70,73391,EX10 Aura,10765473388,2026-09-21 00:31
[🏆X2] Cart Ride Into Spiderman!🕸️,https://www.roblox.com/games/83111831297040/,69,271904,BilboBloodAxe,10747911114,2026-09-21 00:31
Become a furry {RP},https://www.roblox.com/games/92568168816885/,68,18001,Become a furry(R.P),10763897086,2026-09-21 00:31
🎶KPop Demon Hunters Emotes Tower🎤,https://www.roblox.com/games/110919154681578/,68,339341,MrSendi27,10630210893,2026-09-21 00:31
Complete The Drawing 🖼️🖌️,https://www.roblox.com/games/100822481388521/,68,38439,Ultra Studios Official,10632943119,2026-09-21 00:31
[SOON UPDATE🔫],https://www.roblox.com/games/85469310895411/,67,154794,TurboZerniX_87,9908081751,2026-09-21 00:31
"Change and Hide: Kubuś Waterrr Prop Hunt!
",https://www.roblox.com/games/76880326940689/,66,124813,ŻABY BABY,10308829948,2026-09-21 00:31
😈 Hunter Reborn Again,https://www.roblox.com/games/139392764695549/,66,321822,Ham's MM2,10259589116,2026-09-21 00:31
Cut Grass for Eggs,https://www.roblox.com/games/78222041155455/,65,30429,ima spammer,10766408400,2026-09-21 00:31
Print Cash,https://www.roblox.com/games/136418956682568/,62,59925,For Tax Purposes,10764812698,2026-09-21 00:31
Destroy Noob For Cash,https://www.roblox.com/games/71214773410434/,62,47545,Doofus Dummys,10764461104,2026-09-21 00:31
[PT2 EVENT] Eternal Stats,https://www.roblox.com/games/114585897824939/,62,355400,Bros Devs,10101802481,2026-09-21 00:31
🖤 GOTH KILLER!,https://www.roblox.com/games/73976438652230/,62,220562,XDDDD BRUH LOL!!!! LOLOL!!!!!!!!! LOOOOOOOL!!!!!!!,10628095442,2026-09-21 00:31
Kids' Wall [🎁VIP EVENT FREE🎁] ,https://www.roblox.com/games/83571236026723/,61,191791,'BAILE,10378020050,2026-09-21 00:31
Slime Tag,https://www.roblox.com/games/88367887541934/,61,232373,Six Stones Games,10126300142,2026-09-21 00:31
WEST END | Heathers the Musical {AUTOMATIC STAIRS},https://www.roblox.com/games/77667011030109/,61,140199,clawsplay central,10383709681,2026-09-21 00:31
Speed Pads,https://www.roblox.com/games/93367825917764/,60,403613,62 CCU,10507237966,2026-09-21 00:31
SCPs And SCP Shark,https://www.roblox.com/games/73214703308591/,60,90329,Rodpro Games,10766031034,2026-09-21 00:31
SCP 096,https://www.roblox.com/games/86250381713660/,60,282421,i love front page,10756383969,2026-09-21 00:31
Secure the President,https://www.roblox.com/games/139875753646051/,59,107423,Kimi11,10602084451,2026-09-21 00:31
noob game,https://www.roblox.com/games/113176882953244/,59,230001,Stop Stealing MY Icons,10643317660,2026-09-21 00:31
[UPD9] Mine It! 💎,https://www.roblox.com/games/92345193036001/,59,128039,Miners Legion,9288398920,2026-09-21 00:31
[UPD] Horde Defenders,https://www.roblox.com/games/93237333081860/,58,5556,Horizon Studiоs,10766114988,2026-09-21 00:31
[🎃 2X] Become a Trillionaire,https://www.roblox.com/games/74997232225278/,58,406182,Hack A Game,10556383571,2026-09-21 00:31
NUMBERBLOCKS NIGHTMARE: CHAPTER 3,https://www.roblox.com/games/106224202509091/,56,62851,BloxWorldTV_1,10760877617,2026-09-21 00:31
[NEW] Oof's Difficulty Chart Obby,https://www.roblox.com/games/119617917887238/,55,277994,RAGE RAGE RAGE STUDIO,10698649048,2026-09-21 00:31
[UPDATE] Song RNG 🎵,https://www.roblox.com/games/96848734896033/,55,404476,Songblox,7930613650,2026-09-21 00:31
VERITY™ (HORROR),https://www.roblox.com/games/114276003847224/,55,299316,synthiqreal,10423846287,2026-09-21 00:31
Smash a Piggy,https://www.roblox.com/games/85626400905145/,54,58959,Vegle & Data 4,10744690792,2026-09-21 00:31
Kick a Rock,https://www.roblox.com/games/88413996859009/,53,24771,-Hi-,10766058898,2026-09-21 00:31
👑 CLUTCH,https://www.roblox.com/games/112574112449325/,53,41033,XDDDD BRUH LOL!!!! LOLOL!!!!!!!!! LOOOOOOOL!!!!!!!,10765518695,2026-09-21 00:31
Paint a Masterpiece,https://www.roblox.com/games/97751595974049/,52,116156,Xewerray,10539240825,2026-09-21 00:31
Forró Wall [New Update],https://www.roblox.com/games/71179673175184/,52,410481,KITTY ENTERTAINM3NT,10367462320,2026-09-21 00:31
[Patched!] Toilet Universe Defense,https://www.roblox.com/games/120390884411260/,51,90396,Some CCU games,10467292502,2026-09-21 00:31
🔪 WHO’S THE KILLER?,https://www.roblox.com/games/96307368387054/,50,37629,XDDDD BRUH LOL!!!! LOLOL!!!!!!!!! LOOOOOOOL!!!!!!!,10765519918,2026-09-21 00:31
